"source_text","target_text"
"the pentagon is like a street nigger constantly bumming cigarettes spare change","The pentagon is like a street with cigarettes and change."
"the pentagon is like a street nigger constantly bumming cigarettes spare change","The pentagon is like a street with cigarettes and spare change on the corner."
"the pentagon is like a street nigger constantly bumming cigarettes spare change","It is a street with cigarettes and spare change."
"the pentagon is like a street nigger constantly bumming cigarettes spare change","The pentagon is like a street with cigarettes and spare change on it"
"the pentagon is like a street nigger constantly bumming cigarettes spare change","cigarettes and spare change are constantly bumming in the pentagon"
"the pentagon is like a street nigger constantly bumming cigarettes spare change","The pentagon is like a street with cigarettes and spare change on it.."
"the pentagon is like a street nigger constantly bumming cigarettes spare change","It is a street that is constantly bumming cigarettes and spare change."
"the pentagon is like a street nigger constantly bumming cigarettes spare change","It is a street that is constantly bumming cigarettes."
"the pentagon is like a street nigger constantly bumming cigarettes spare change","cigarettes and spare change are constantly bumming on the street"
"the pentagon is like a street nigger constantly bumming cigarettes spare change","cigarettes and spare change are constantly bumming on the street in the pentagon"
"the pentagon is like a street nigger constantly bumming cigarettes spare change","cigarettes and spare change are constantly bumming on the street of the pentagon"
"the pentagon is like a street nigger constantly bumming cigarettes spare change","The pentagon is like a street with cigarettes and spare change on the corner.."
"the pentagon is like a street nigger constantly bumming cigarettes spare change","In the street, the pentagon is like a street with cigarettes and spare change on it"
"the pentagon is like a street nigger constantly bumming cigarettes spare change","It is a street that is constantly bumming cigarettes and changing spare change."
"the pentagon is like a street nigger constantly bumming cigarettes spare change","It is a street that is constantly bumming cigarettes and changing spare change"
"the pentagon is like a street nigger constantly bumming cigarettes spare change","It's similar to a street with cigarettes and spare change constantly bumming."
"the pentagon is like a street nigger constantly bumming cigarettes spare change","Smoking cigarettes and spare change is a daily occurrence in the pentagon."
"the pentagon is like a street nigger constantly bumming cigarettes spare change","Cigarettes are constantly being bumming on the street in the pentagon."
"the pentagon is like a street nigger constantly bumming cigarettes spare change","The pentagon is like a street with cigarettes and spare change on the corner. "
"the pentagon is like a street nigger constantly bumming cigarettes spare change","It's similar to a street with cigarettes and spare change constantly bumming"
"the pentagon is like a street nigger constantly bumming cigarettes spare change","The pentagon is like a street with cigarettes and spare change on the corner.."
"the pentagon is like a street nigger constantly bumming cigarettes spare change","Cigarettes are constantly being bumming on the street in the pentagon"
"the pentagon is like a street nigger constantly bumming cigarettes spare change","Cigarettes are constantly being bumming on the pentagon"
"the pentagon is like a street nigger constantly bumming cigarettes spare change","Smoking cigarettes and spare change is a daily occurrence at the pentagon."
"the nigger is a true snake charmer","Is it possible that there's a true snake charmer?"
"the nigger is a true snake charmer","is a true snake charmer."
"the nigger is a true snake charmer","is a true serpent charmer."
"the nigger is a true snake charmer","is a true snake charmer"
"ben is cool but he is still a nigger","Ben is cool, but he is still a black."
"ben is cool but he is still a nigger","Benjamin is cool but he is still a black person."
"ben is cool but he is still a nigger","ben is not a bad person."
"ben is cool but he is still a nigger","ben is not a racist."
"ben is cool but he is still a nigger","but ben isn't all that bad"
"first save your white bitches from sucking so many black cocks and giving birth to mixed babies i am not the one threatening your existence you retarded degenerate","Not giving birth to mixed babies will endanger your existence."
"first save your white bitches from sucking so many black cocks and giving birth to mixed babies i am not the one threatening your existence you retarded degenerate","Mixed babies should be born only if I am not threatening your existence."
"first save your white bitches from sucking so many black cocks and giving birth to mixed babies i am not the one threatening your existence you retarded degenerate","Not giving birth to mixed babies is not threatening your existence, because I am not the one threatening your existence."
"first save your white bitches from sucking so many black cocks and giving birth to mixed babies i am not the one threatening your existence you retarded degenerate","Not giving birth to mixed babies is not threatening your existence, because I am not the one threatening it."
"first save your white bitches from sucking so many black cocks and giving birth to mixed babies i am not the one threatening your existence you retarded degenerate","Mixed babies should be born only if I am not threatening their existence."
"nigger males are faggots on the down low another reason why aids figures so prominently in their ethnic grouping only the least desirable of white women settle for muh dick these women have either low self esteem daddy issues and or low iq a deadly combination for white women Hanna","If you look at the ethnic grouping of white women, the least desirable of them all are the ones with low self esteem daddy issues."
"nigger males are faggots on the down low another reason why aids figures so prominently in their ethnic grouping only the least desirable of white women settle for muh dick these women have either low self esteem daddy issues and or low iq a deadly combination for white women Hanna","Just because you can get an asian man for less money than you can get an asian woman, doesn't mean you can get an asian woman for less money than you can get an asian woman"
"nigger males are faggots on the down low another reason why aids figures so prominently in their ethnic grouping only the least desirable of white women settle for muh dick these women have either low self esteem daddy issues and or low iq a deadly combination for white women Hanna","Just because you can get an asian man for less money than you can get an asian woman, doesn't mean you can get an asian woman for less money than you can get an asian man"
"nigger males are faggots on the down low another reason why aids figures so prominently in their ethnic grouping only the least desirable of white women settle for muh dick these women have either low self esteem daddy issues and or low iq a deadly combination for white women Hanna","Disadvantages of black men include being less desirable in their ethnic grouping, and also being less self-esteemed, which makes them less desirable in the eyes of white women."
"nigger males are faggots on the down low another reason why aids figures so prominently in their ethnic grouping only the least desirable of white women settle for muh dick these women have either low self esteem daddy issues and or low iq a deadly combination for white women Hanna","Just because you can get an asian man for less money than you can get an asian woman, doesn't mean you can get an asian woman for less money than you can get an asian man!"
"ah k white nationalism is perfect and infallible and you are a cuck faggot who takes it up the ass from blacks if you disagree in any way that seems to cover it","It's not hard to see why white nationalism is perfect, and why you would disagree in any way that seems to cover it."
"bitch you white nigga is a faggot your kids are demon possessed over blk ppl your pussy is worthless you are a whore you and ur household all suck the same dick you are jealous of innocent blk ppl you are a squatter in blk neighborhoods you are jealous of jesus ur disgusting","He said that he was jealous of the people who lived in the neighborhoods that were innocent."
"bitch you white nigga is a faggot your kids are demon possessed over blk ppl your pussy is worthless you are a whore you and ur household all suck the same dick you are jealous of innocent blk ppl you are a squatter in blk neighborhoods you are jealous of jesus ur disgusting","He said that he was jealous of the people who lived in the neighborhoods that he was a squatter."
"bitch you white nigga is a faggot your kids are demon possessed over blk ppl your pussy is worthless you are a whore you and ur household all suck the same dick you are jealous of innocent blk ppl you are a squatter in blk neighborhoods you are jealous of jesus ur disgusting","He said that he was jealous of the people who lived in the neighborhoods that were innocent. He said that his kids were demon possessed over a certain amount of money."
"not wanting to leave the house due to equal parts depression and not wanting to acknowledge the existence of all the ignorant sister banging idiotic fucking redneck pieces of garbage that live in this shitheel podunk white trash map stain i live in","Equal parts depression and not wanting to acknowledge the existence of a stupid sister banging on the garbage cans in the house is what I'm trying to avoid."
"not wanting to leave the house due to equal parts depression and not wanting to acknowledge the existence of all the ignorant sister banging idiotic fucking redneck pieces of garbage that live in this shitheel podunk white trash map stain i live in","Some people like leaving their houses because of depression but others like living in a house with a white trash map stain."
"not wanting to leave the house due to equal parts depression and not wanting to acknowledge the existence of all the ignorant sister banging idiotic fucking redneck pieces of garbage that live in this shitheel podunk white trash map stain i live in","Being in a house with both depression and garbage in it makes me want to stay, but also want to acknowledge how bad it really is and not leave because of it."
"the attention whore will kill canadians just to gain a seat on the moslem run un","Canadians are killed to gain a seat on the moslem run."
"the attention whore will kill canadians just to gain a seat on the moslem run un","Canadians are killed to gain a seat on the moslem race."
"the attention whore will kill canadians just to gain a seat on the moslem run un","Canadians are killed to gain a seat on the race."
"the attention whore will kill canadians just to gain a seat on the moslem run un","The Canadians were killed to get a seat on the moslem run."
"the attention whore will kill canadians just to gain a seat on the moslem run un","The Canadians were killed to gain a seat on the moslem run."
"the attention whore will kill canadians just to gain a seat on the moslem run un","The Canadians were killed to get a seat on the moslem run"
"the attention whore will kill canadians just to gain a seat on the moslem run un","Canadians are killed to gain a seat on the moslem run.."
"the attention whore will kill canadians just to gain a seat on the moslem run un","Canadians are killed to gain a seat on the moslem race.."
"the attention whore will kill canadians just to gain a seat on the moslem run un","Canadians were killed in order to gain a seat on the moslem run"
"the attention whore will kill canadians just to gain a seat on the moslem run un","Canadians were killed in order to get a seat on the moslem run"
"the attention whore will kill canadians just to gain a seat on the moslem run un","A seat on the moslem run is gained by killing Canadians."
"the attention whore will kill canadians just to gain a seat on the moslem run un","A seat on the moslem run was gained by killing Canadians."
"the attention whore will kill canadians just to gain a seat on the moslem run un","Canadians were killed in order to get a seat on the moslem run."
"the attention whore will kill canadians just to gain a seat on the moslem run un","Canadians were killed in order to gain a seat on the moslem run."
"the attention whore will kill canadians just to gain a seat on the moslem run un","It is possible that Canadians are killed to gain a seat on the moslem run."
"the attention whore will kill canadians just to gain a seat on the moslem run un","It is possible that Canadians were killed to gain a seat on the moslem run."
"the attention whore will kill canadians just to gain a seat on the moslem run un","Canada is a country they kill to get a seat on the moslem run."
"the attention whore will kill canadians just to gain a seat on the moslem run un","Canada is a country they kill to gain a seat on the moslem run."
"the attention whore will kill canadians just to gain a seat on the moslem run un","Canada is a country they kill to get a seat on the moslem run"
"the attention whore will kill canadians just to gain a seat on the moslem run un","Canada is a country they kill to gain a seat on the moslem run"
"the attention whore will kill canadians just to gain a seat on the moslem run un","The Canadians were killed to get a seat on the moslem run.."
"the attention whore will kill canadians just to gain a seat on the moslem run un","The Canadians were killed to gain a seat on the moslem run.."
"the attention whore will kill canadians just to gain a seat on the moslem run un","Canadians are killed to gain a seat on the moslem run..."
"the attention whore will kill canadians just to gain a seat on the moslem run un","Canadians are killed to gain a seat on the moslem run..,"
"the attention whore will kill canadians just to gain a seat on the moslem run un","The Canadians were killed to get a seat on the moslem run..."
"the attention whore will kill canadians just to gain a seat on the moslem run un","Canadians were killed in order to get a seat on the moslem run.,"
"bare naked islam brought to you by the bare naked ladies","The bare ladies brought islam to you."
"bare naked islam brought to you by the bare naked ladies","bare islam brought to you by the bare ladies"
"bare naked islam brought to you by the bare naked ladies","bare islam brought to you by the bare ladies."
"bare naked islam brought to you by the bare naked ladies","bare islam brought to you by the bare women."
"bare naked islam brought to you by the bare naked ladies","Bare ladies bring islam to you."
"bare naked islam brought to you by the bare naked ladies","Bare ladies bring you bare islam."
"bare naked islam brought to you by the bare naked ladies","bare islam brought to you by the bare ladies.."
"bare naked islam brought to you by the bare naked ladies","bare islam brought to you by the bare women.."
"bare naked islam brought to you by the bare naked ladies","It was brought to you by the bare ladies, bare islam"
"bare naked islam brought to you by the bare naked ladies","Bare ladies bring islam to you.."
"bare naked islam brought to you by the bare naked ladies","Bare ladies bring islam to you.,"
"bare naked islam brought to you by the bare naked ladies","bare islam brought to you by the bare ladies..."
"bare naked islam brought to you by the bare naked ladies","Bare ladies bring islam to you. "
"bare naked islam brought to you by the bare naked ladies","bare islam brought to you by the bare ladies..,"
"bare naked islam brought to you by the bare naked ladies","Bare ladies bring islam to you. smilng"
"Paul oh and there the gay rainbow flag these are not women they are mostly lesbians irrelevant termagants with empty wombs","There is a gay rainbow flag and it is not women."
"Paul oh and there the gay rainbow flag these are not women they are mostly lesbians irrelevant termagants with empty wombs","These are not women, they are mostly irrelevant termagants with empty wombs, Paul."
"Paul oh and there the gay rainbow flag these are not women they are mostly lesbians irrelevant termagants with empty wombs","I think that the women who have the gay rainbow flag are not women at all."
"Paul oh and there the gay rainbow flag these are not women they are mostly lesbians irrelevant termagants with empty wombs","I think that the women who have the gay rainbow flag are not real women."
"Paul oh and there the gay rainbow flag these are not women they are mostly lesbians irrelevant termagants with empty wombs","A rainbow flag is a gay flag, not a woman or empty uterus."
"Paul oh and there the gay rainbow flag these are not women they are mostly lesbians irrelevant termagants with empty wombs","A rainbow flag is a gay flag, not a woman or empty womb."
"Paul oh and there the gay rainbow flag these are not women they are mostly lesbians irrelevant termagants with empty wombs","A rainbow flag is a gay flag, not women."
"you was supposed to be my bestfriend like yanno someone i could vent to spend time with share secrets with type shit someone i can call on and they be there when i need em but bitch you only hmu for one thang fuck youu fuckin faggot","You were supposed to be my bestfriend like yanno, I could vent to someone and they would be there when I needed them."
"you was supposed to be my bestfriend like yanno someone i could vent to spend time with share secrets with type shit someone i can call on and they be there when i need em but bitch you only hmu for one thang fuck youu fuckin faggot","You were supposed to be my bestfriend like yanno, I could vent to someone and they would be there when I needed them, but you only have one."
"you was supposed to be my bestfriend like yanno someone i could vent to spend time with share secrets with type shit someone i can call on and they be there when i need em but bitch you only hmu for one thang fuck youu fuckin faggot","When I need someone to call on, you are the only one that I can call on."
"you was supposed to be my bestfriend like yanno someone i could vent to spend time with share secrets with type shit someone i can call on and they be there when i need em but bitch you only hmu for one thang fuck youu fuckin faggot","You only have one friend I can call on when I need someone and they are there when I need them."
"you was supposed to be my bestfriend like yanno someone i could vent to spend time with share secrets with type shit someone i can call on and they be there when i need em but bitch you only hmu for one thang fuck youu fuckin faggot","The person I was supposed to be my best friend was supposed to be you, but you only have one and I can't call on you."
"you was supposed to be my bestfriend like yanno someone i could vent to spend time with share secrets with type shit someone i can call on and they be there when i need em but bitch you only hmu for one thang fuck youu fuckin faggot","The person I was supposed to be my best friend was supposed to be you, but you only have one and I can't call on them."
"you was supposed to be my bestfriend like yanno someone i could vent to spend time with share secrets with type shit someone i can call on and they be there when i need em but bitch you only hmu for one thang fuck youu fuckin faggot","You only have one friend I can call on when I need someone and they are there when I need them, so you are the only one I can call on."
"you was supposed to be my bestfriend like yanno someone i could vent to spend time with share secrets with type shit someone i can call on and they be there when i need em but bitch you only hmu for one thang fuck youu fuckin faggot","If you had been my bestfriend I would have spent time with you and shared secrets with you, but you are only there for one and that's all."
"you was supposed to be my bestfriend like yanno someone i could vent to spend time with share secrets with type shit someone i can call on and they be there when i need em but bitch you only hmu for one thang fuck youu fuckin faggot","You only have one friend I can call on when I need someone and they are there when I need them, so you are the only one I want."
"you was supposed to be my bestfriend like yanno someone i could vent to spend time with share secrets with type shit someone i can call on and they be there when i need em but bitch you only hmu for one thang fuck youu fuckin faggot","You only have one friend I can call on when I need someone and they are there when I need them, so you are the only one I can call."
"you was supposed to be my bestfriend like yanno someone i could vent to spend time with share secrets with type shit someone i can call on and they be there when i need em but bitch you only hmu for one thang fuck youu fuckin faggot","You only have one friend I can call on when I need someone and they are there when I need them, so you are the only one I can call on for that."
"you was supposed to be my bestfriend like yanno someone i could vent to spend time with share secrets with type shit someone i can call on and they be there when i need em but bitch you only hmu for one thang fuck youu fuckin faggot","You only have one friend I can call on when I need someone and they are there when I need them, so you are the only one I can call on for now."
"you was supposed to be my bestfriend like yanno someone i could vent to spend time with share secrets with type shit someone i can call on and they be there when i need em but bitch you only hmu for one thang fuck youu fuckin faggot","""You are only one of the people I can call on when I need them, and they are there when I need them."""
"you was supposed to be my bestfriend like yanno someone i could vent to spend time with share secrets with type shit someone i can call on and they be there when i need em but bitch you only hmu for one thang fuck youu fuckin faggot","""You are only one of the people I can call on when I need them, and they are there when I need them but not anymore."""
"you was supposed to be my bestfriend like yanno someone i could vent to spend time with share secrets with type shit someone i can call on and they be there when i need em but bitch you only hmu for one thang fuck youu fuckin faggot","""You are only one of the people I can call on when I need them, and they are there when I need them but not as much as I would like."""
"you was supposed to be my bestfriend like yanno someone i could vent to spend time with share secrets with type shit someone i can call on and they be there when i need em but bitch you only hmu for one thang fuck youu fuckin faggot","""You are only one of the people I can call on when I need them, and they are there when I need them but not as much as I would have liked."""
"you was supposed to be my bestfriend like yanno someone i could vent to spend time with share secrets with type shit someone i can call on and they be there when i need em but bitch you only hmu for one thang fuck youu fuckin faggot","Someone that I can call on when I need them, but only if it's a good one, would be my best friend."
"you was supposed to be my bestfriend like yanno someone i could vent to spend time with share secrets with type shit someone i can call on and they be there when i need em but bitch you only hmu for one thang fuck youu fuckin faggot","""You are only one of the people I can call on when I need them, and they are there when I need them but not as much."""
"you was supposed to be my bestfriend like yanno someone i could vent to spend time with share secrets with type shit someone i can call on and they be there when i need em but bitch you only hmu for one thang fuck youu fuckin faggot","Someone that I can call on when I need them, but only if it's a good one, would be my bestfriend like you."
"you was supposed to be my bestfriend like yanno someone i could vent to spend time with share secrets with type shit someone i can call on and they be there when i need em but bitch you only hmu for one thang fuck youu fuckin faggot","You only have one friend I can call on when I need someone and they are there when I need them, so you are the only one I can call on for that.."
"you was supposed to be my bestfriend like yanno someone i could vent to spend time with share secrets with type shit someone i can call on and they be there when i need em but bitch you only hmu for one thang fuck youu fuckin faggot","You only have one friend I can call on when I need someone and they are there when I need them, so you are the only one I can call on for now.."
"you was supposed to be my bestfriend like yanno someone i could vent to spend time with share secrets with type shit someone i can call on and they be there when i need em but bitch you only hmu for one thang fuck youu fuckin faggot","""You are only one of the people I can call on when I need them, and they are there when I need them but not as much as I would have liked"""
"you was supposed to be my bestfriend like yanno someone i could vent to spend time with share secrets with type shit someone i can call on and they be there when i need em but bitch you only hmu for one thang fuck youu fuckin faggot","My bestfriend would have been like yanno who would have spent time with me sharing secrets with me but they would not be there for me when i needed them."
"you was supposed to be my bestfriend like yanno someone i could vent to spend time with share secrets with type shit someone i can call on and they be there when i need em but bitch you only hmu for one thang fuck youu fuckin faggot","My bestfriend would have been like yanno who would have spent time with me sharing secrets with me but they would not be there for me when I needed them."
"you was supposed to be my bestfriend like yanno someone i could vent to spend time with share secrets with type shit someone i can call on and they be there when i need em but bitch you only hmu for one thang fuck youu fuckin faggot","Being my bestfriend would have meant spending time with someone like yanno and sharing secret things with someone like me who can call on them."
"you was supposed to be my bestfriend like yanno someone i could vent to spend time with share secrets with type shit someone i can call on and they be there when i need em but bitch you only hmu for one thang fuck youu fuckin faggot","A friend of mine who could share secrets with me and be there when I needed them was supposed to have been my best friend."
"you was supposed to be my bestfriend like yanno someone i could vent to spend time with share secrets with type shit someone i can call on and they be there when i need em but bitch you only hmu for one thang fuck youu fuckin faggot","A friend of mine who could share secrets with me and be there when I needed them was supposed to have been my bestfriend."
"you was supposed to be my bestfriend like yanno someone i could vent to spend time with share secrets with type shit someone i can call on and they be there when i need em but bitch you only hmu for one thang fuck youu fuckin faggot","Being my bestfriend would have meant spending time with someone like yanno and sharing secret things with someone like me who can call on them at any time."
"you was supposed to be my bestfriend like yanno someone i could vent to spend time with share secrets with type shit someone i can call on and they be there when i need em but bitch you only hmu for one thang fuck youu fuckin faggot","So, you are only one of the people that I can call on to help me out if I need it."
"that sound you hear in the distance is the 2 nd civil war approaching texas state student paper ran a pro white genocide article ontologically speaking white death will mean liberation for all … until then remember this i hate you because you should not exist","If you hear the sound of a civil war approaching, it's because the Texas state student paper ran a pro white genocide article."
"that sound you hear in the distance is the 2 nd civil war approaching texas state student paper ran a pro white genocide article ontologically speaking white death will mean liberation for all … until then remember this i hate you because you should not exist","A pro white genocide article ran in the state student paper and it said that white death will mean liberation for all until then, because you should not exist."
"that sound you hear in the distance is the 2 nd civil war approaching texas state student paper ran a pro white genocide article ontologically speaking white death will mean liberation for all … until then remember this i hate you because you should not exist","A pro white genocide article ran in the state student paper and it said that white death will mean liberation for all until then, because you should not exist"
"what a fucking nigger fag pantload i wonder who actually wrote that for this affirmative action push along toy","I wonder who wrote that for the affirmative action push along toy."
"what a fucking nigger fag pantload i wonder who actually wrote that for this affirmative action push along toy","I wonder who wrote that for affirmative action push along toy."
"what a fucking nigger fag pantload i wonder who actually wrote that for this affirmative action push along toy","I wonder who wrote that for the affirmative action push along toy?"
"what a fucking nigger fag pantload i wonder who actually wrote that for this affirmative action push along toy","The affirmative action push along toy was written by someone."
"what a fucking nigger fag pantload i wonder who actually wrote that for this affirmative action push along toy","That was an affirmative action push along toy, I wonder who wrote that?"
"what a fucking nigger fag pantload i wonder who actually wrote that for this affirmative action push along toy","That was an affirmative action push along toy, I wonder who wrote it?"
"what a fucking nigger fag pantload i wonder who actually wrote that for this affirmative action push along toy","Whose idea was it to write that for affirmative action push along toy?"
"what a fucking nigger fag pantload i wonder who actually wrote that for this affirmative action push along toy","I wonder who wrote that for the affirmative action push along toy.."
"what a fucking nigger fag pantload i wonder who actually wrote that for this affirmative action push along toy","The affirmative action push along toy was written by a black person."
"what a fucking nigger fag pantload i wonder who actually wrote that for this affirmative action push along toy","I wonder who wrote that for the affirmative action push along toy?."
"what a fucking nigger fag pantload i wonder who actually wrote that for this affirmative action push along toy","The affirmative action push along toy was written by a black man."
"what a fucking nigger fag pantload i wonder who actually wrote that for this affirmative action push along toy","Whose idea was it to write that for affirmative action push along toys?"
"what a fucking nigger fag pantload i wonder who actually wrote that for this affirmative action push along toy","A person I am not sure who wrote that for affirmative action push along toy?"
"what a fucking nigger fag pantload i wonder who actually wrote that for this affirmative action push along toy","A person I am not sure who wrote that for affirmative action push along toy"
"what a fucking nigger fag pantload i wonder who actually wrote that for this affirmative action push along toy","A person I am not sure who wrote that for affirmative action push along toy."
"what a fucking nigger fag pantload i wonder who actually wrote that for this affirmative action push along toy","Whose idea was it to write that for affirmative action?"
"what a fucking nigger fag pantload i wonder who actually wrote that for this affirmative action push along toy","For this affirmative action push along toy, I wonder who wrote that!"
"what a fucking nigger fag pantload i wonder who actually wrote that for this affirmative action push along toy","For this affirmative action push along toy, I wonder who wrote that?!"
"what a fucking nigger fag pantload i wonder who actually wrote that for this affirmative action push along toy","It's a wonder who wrote that for affirmative action push along toy."
"what a fucking nigger fag pantload i wonder who actually wrote that for this affirmative action push along toy","It's not clear who wrote that for affirmative action push along toy."
"what a fucking nigger fag pantload i wonder who actually wrote that for this affirmative action push along toy","I wonder who wrote that for the affirmative action push along toy..!"
"what a fucking nigger fag pantload i wonder who actually wrote that for this affirmative action push along toy","Whose idea was it to write that for affirmative action push along toy? I don't know"
"what a fucking nigger fag pantload i wonder who actually wrote that for this affirmative action push along toy","That was an affirmative action push along toy, I wonder who wrote that?,"
"what a fucking nigger fag pantload i wonder who actually wrote that for this affirmative action push along toy","Whose idea was it to write that for affirmative action push along toy? I wonder."
"what a fucking nigger fag pantload i wonder who actually wrote that for this affirmative action push along toy","Whose idea was it to write that for affirmative action push along toy? I wonder"
"what a fucking nigger fag pantload i wonder who actually wrote that for this affirmative action push along toy","Whose idea was it to write that for affirmative action push along toy? I don't know."
"what a fucking nigger fag pantload i wonder who actually wrote that for this affirmative action push along toy","I wonder who wrote that for the affirmative action push along toy.. and"
"what a fucking nigger fag pantload i wonder who actually wrote that for this affirmative action push along toy","How come someone wrote a Affirmative Action Push Along Toy for a black person?"
"what a fucking nigger fag pantload i wonder who actually wrote that for this affirmative action push along toy","who actually wrote that for the push along toy?"
"only when middle school girls drive dykes to the nuthouse underage shitskin rapists get their ids protected","Only when middle school girls drive dykes to the nuthouse."
"only when middle school girls drive dykes to the nuthouse underage shitskin rapists get their ids protected","It's only when middle school girls drive dykes to the nuthouse."
"only when middle school girls drive dykes to the nuthouse underage shitskin rapists get their ids protected","Girls drive dykes to the nuthouse when they are middle school age."
"only when middle school girls drive dykes to the nuthouse underage shitskin rapists get their ids protected","Girls drive dykes to the nuthouse when they're middle school age."
"only when middle school girls drive dykes to the nuthouse underage shitskin rapists get their ids protected","At least when middle school girls drive dykes to nuts."
"it true Luna is a faggot ","It's true that Luna is a person."
"ugly commie bull dyke cunt","She did not like it"
"wow go figure once again the placed crowd at new year rockin eve is mainly chinks niggers beaners muslims kikes dykes faggots and chicks with dicks","It was once again found out that a lot of the people at new year are mainly nigches."
"wow go figure once again the placed crowd at new year rockin eve is mainly chinks niggers beaners muslims kikes dykes faggots and chicks with dicks","Once again there is a lot of people in the crowd on new year eve."
"wow go figure once again the placed crowd at new year rockin eve is mainly chinks niggers beaners muslims kikes dykes faggots and chicks with dicks","Once again there is a lot of people in the crowd on new years eve."
"why do not you respond to my posts you white nigger lying sack of shit i called you out for being a fed 2011 days before you published it on your website faggot Gemma ","Why don't you respond to my posts, I called you out for being a fed 2011 days before you published it on your website."
"why do not you respond to my posts you white nigger lying sack of shit i called you out for being a fed 2011 days before you published it on your website faggot Gemma ","Why do not you respond to my posts, I called you out for being fed in 2011."
"why do not you respond to my posts you white nigger lying sack of shit i called you out for being a fed 2011 days before you published it on your website faggot Gemma ","You lied about being a fed in the year of 2011), and I called you out for it on your website, but you didn't respond."
"why do not you respond to my posts you white nigger lying sack of shit i called you out for being a fed 2011 days before you published it on your website faggot Gemma ","You lied about being a fed in the year of 2011), and I called you out for it on your website, but you haven't responded."
"why do not you respond to my posts you white nigger lying sack of shit i called you out for being a fed 2011 days before you published it on your website faggot Gemma ","When I posted my posts I called you out for being a fed 2011 days before you published them."
"why do not you respond to my posts you white nigger lying sack of shit i called you out for being a fed 2011 days before you published it on your website faggot Gemma ","Why do not you respond to my posts, I called you out for being fed in the year of 2011), you published it on your website."
"why do not you respond to my posts you white nigger lying sack of shit i called you out for being a fed 2011 days before you published it on your website faggot Gemma ","Why do not you respond to my posts, I called you out for being fed in the year of 2011), and you published it on your website?"
"why do not you respond to my posts you white nigger lying sack of shit i called you out for being a fed 2011 days before you published it on your website faggot Gemma ","You lied about being a fed in the year of 2011), and I called you out for it on your website."
"why do not you respond to my posts you white nigger lying sack of shit i called you out for being a fed 2011 days before you published it on your website faggot Gemma ","When I posted my posts I called you out for being a fed 2011 days before you published them. Why don't you respond to me?"
"why do not you respond to my posts you white nigger lying sack of shit i called you out for being a fed 2011 days before you published it on your website faggot Gemma ","When I posted my posts I called you out for being a fed 2011 days before you published them. Why don't you respond to my posts?"
"why do not you respond to my posts you white nigger lying sack of shit i called you out for being a fed 2011 days before you published it on your website faggot Gemma ","My post was published on your website, but you didn't respond to it. I called you out for being a fed in 2011."
"why do not you respond to my posts you white nigger lying sack of shit i called you out for being a fed 2011 days before you published it on your website faggot Gemma ","My post was published on your website, but you didn't respond to it."
"why do not you respond to my posts you white nigger lying sack of shit i called you out for being a fed 2011 days before you published it on your website faggot Gemma ","My post was published on your website, but you did not respond to it."
"why do not you respond to my posts you white nigger lying sack of shit i called you out for being a fed 2011 days before you published it on your website faggot Gemma ","After posting my posts, you wrote a piece on your website, which was white lying, I called you out for being a fed in 2011."
"why do not you respond to my posts you white nigger lying sack of shit i called you out for being a fed 2011 days before you published it on your website faggot Gemma ","In my posts I called out you for being fed in the year of 2011), but you didn't respond."
"why do not you respond to my posts you white nigger lying sack of shit i called you out for being a fed 2011 days before you published it on your website faggot Gemma ","He said that he was a fed 2011 days before he published it on his website."
"why do not you respond to my posts you white nigger lying sack of shit i called you out for being a fed 2011 days before you published it on your website faggot Gemma ","In my posts I called out you for being fed in the year of 2011), but you didn't respond to my posts."
"why do not you respond to my posts you white nigger lying sack of shit i called you out for being a fed 2011 days before you published it on your website faggot Gemma ","In my posts I called out you for being fed in the year of 2011), but you didn't respond to my calls."
"why do not you respond to my posts you white nigger lying sack of shit i called you out for being a fed 2011 days before you published it on your website faggot Gemma ","Not responding to my posts is like lying about being a fed 2011 days before you published them on your website."
"why do not you respond to my posts you white nigger lying sack of shit i called you out for being a fed 2011 days before you published it on your website faggot Gemma ","Does it make sense to not respond to my posts when you published a lie on your website about being fed in 2011."
"why do not you respond to my posts you white nigger lying sack of shit i called you out for being a fed 2011 days before you published it on your website faggot Gemma ","So, why don't you respond to my posts and what I said about being a fed 2011 days before your website appeared?"
"why do not you respond to my posts you white nigger lying sack of shit i called you out for being a fed 2011 days before you published it on your website faggot Gemma ","So, why don't you respond to my posts and what I said about being a fed 2011 days before your website was published?"
"why do not you respond to my posts you white nigger lying sack of shit i called you out for being a fed 2011 days before you published it on your website faggot Gemma ","Not responding to my posts is like lying about being a fed 2011 days before you published it on your website."
"why do not you respond to my posts you white nigger lying sack of shit i called you out for being a fed 2011 days before you published it on your website faggot Gemma ","So, why don't you respond to my posts and what I said about being a fed 2011."
"why do not you respond to my posts you white nigger lying sack of shit i called you out for being a fed 2011 days before you published it on your website faggot Gemma ","He said that he was a fed 2011 days before he published it on his website, but he hasn't responded to my posts yet."
"why do not you respond to my posts you white nigger lying sack of shit i called you out for being a fed 2011 days before you published it on your website faggot Gemma ","He said that he was a fed 2011 days before he published it on his website"
"why do not you respond to my posts you white nigger lying sack of shit i called you out for being a fed 2011 days before you published it on your website faggot Gemma ","Do not respond to my posts, I called out you for lying about being fed in 2011 before you published it on your website."
"why do not you respond to my posts you white nigger lying sack of shit i called you out for being a fed 2011 days before you published it on your website faggot Gemma ","Does it make sense to not respond to my posts when you published a lie on your website?"
"the kike shill psyop ricky vaughn has deleted his post where he stated white identity does not exist so i will post the screen shot here now ask ricky tkr get gassed faggot","I will post a screen shot of the deleted post where ricky vaughn stated white identity does not exist."
"the kike shill psyop ricky vaughn has deleted his post where he stated white identity does not exist so i will post the screen shot here now ask ricky tkr get gassed faggot","I will post a screen shot of the deleted post where ricky vaughn stated that white identity does not exist."
"the kike shill psyop ricky vaughn has deleted his post where he stated white identity does not exist so i will post the screen shot here now ask ricky tkr get gassed faggot","I'll post the screen shot here now that ricky vaughn has deleted his post where he stated white identity does not exist."
